{"cameraMode":{"drawMode":0,"name":"Shaded","section":"Shading Mode"},"sceneLighting":true,"audioPlay":false,"sceneViewState":{"m_AlwaysRefresh":false,"showFog":true,"showSkybox":true,"showFlares":true,"showImageEffects":true,"showParticleSystems":true,"showVisualEffectGraphs":true,"m_FxEnabled":true},"in2DMode":false,"pivot":{"x":1030.8416748046875,"y":515.8615112304688,"z":184.7830810546875},"rotation":{"x":-0.1316046565771103,"y":-0.025827476754784585,"z":0.003473136108368635,"w":-0.9911437630653381},"size":528.9656372070313,"orthographic":false}