{"cameraMode":{"drawMode":0,"name":"Shaded","section":"Shading Mode"},"sceneLighting":true,"audioPlay":false,"sceneViewState":{"m_AlwaysRefresh":false,"showFog":true,"showSkybox":true,"showFlares":true,"showImageEffects":true,"showParticleSystems":true,"showVisualEffectGraphs":true,"m_FxEnabled":true},"in2DMode":false,"pivot":{"x":901.3612670898438,"y":14.429143905639649,"z":59.85451889038086},"rotation":{"x":0.4380933344364166,"y":0.05965481325984001,"z":-0.026248551905155183,"w":0.8968759775161743},"size":3.290767192840576,"orthographic":false}