{"cameraMode":{"drawMode":0,"name":"Shaded","section":"Shading Mode"},"sceneLighting":true,"audioPlay":false,"sceneViewState":{"m_AlwaysRefresh":false,"showFog":true,"showSkybox":true,"showFlares":true,"showImageEffects":true,"showParticleSystems":true,"showVisualEffectGraphs":true,"m_FxEnabled":true},"in2DMode":false,"pivot":{"x":900.2146606445313,"y":17.468952178955079,"z":61.53333282470703},"rotation":{"x":0.02557281404733658,"y":-0.12764421105384828,"z":0.005872253328561783,"w":0.9917594790458679},"size":1.782915472984314,"orthographic":false}