{"cameraMode":{"drawMode":0,"name":"Shaded","section":"Shading Mode"},"sceneLighting":true,"audioPlay":false,"sceneViewState":{"m_AlwaysRefresh":false,"showFog":true,"showSkybox":true,"showFlares":true,"showImageEffects":true,"showParticleSystems":true,"showVisualEffectGraphs":true,"m_FxEnabled":true},"in2DMode":false,"pivot":{"x":1408.6224365234375,"y":644.583251953125,"z":-504.76263427734377},"rotation":{"x":-0.07855406403541565,"y":-0.008161105215549469,"z":-0.000499702466186136,"w":-0.9971253275871277},"size":57.55587387084961,"orthographic":false}