{"cameraMode":{"drawMode":0,"name":"Shaded","section":"Shading Mode"},"sceneLighting":true,"audioPlay":false,"sceneViewState":{"m_AlwaysRefresh":false,"showFog":true,"showSkybox":true,"showFlares":true,"showImageEffects":true,"showParticleSystems":true,"showVisualEffectGraphs":true,"m_FxEnabled":true},"in2DMode":false,"pivot":{"x":1705.337158203125,"y":486.88397216796877,"z":-144.264892578125},"rotation":{"x":-0.0066096107475459579,"y":0.0009000637219287455,"z":-0.0010992996394634247,"w":-1.0002249479293824},"size":173.59689331054688,"orthographic":false}