{"cameraMode":{"drawMode":0,"name":"Shaded","section":"Shading Mode"},"sceneLighting":true,"audioPlay":false,"sceneViewState":{"m_AlwaysRefresh":false,"showFog":true,"showSkybox":true,"showFlares":true,"showImageEffects":true,"showParticleSystems":true,"showVisualEffectGraphs":true,"m_FxEnabled":true},"in2DMode":false,"pivot":{"x":897.3414306640625,"y":17.989952087402345,"z":63.66942596435547},"rotation":{"x":-0.09377428889274597,"y":0.010303931310772896,"z":-0.0024952017702162267,"w":-0.9957979917526245},"size":1.7092721462249756,"orthographic":false}