{"cameraMode":{"drawMode":0,"name":"Shaded","section":"Shading Mode"},"sceneLighting":false,"audioPlay":false,"sceneViewState":{"m_AlwaysRefresh":false,"showFog":true,"showSkybox":false,"showFlares":true,"showImageEffects":true,"showParticleSystems":true,"showVisualEffectGraphs":true,"m_FxEnabled":true},"in2DMode":false,"pivot":{"x":-15.63904094696045,"y":-130.6545867919922,"z":47.06874084472656},"rotation":{"x":0.009897317737340927,"y":0.009507237933576107,"z":-0.0005167265771888197,"w":-1.0000587701797486},"size":145.08412170410157,"orthographic":false}