{"playerData":{"playerStats":[100.0,98.0,90.0],"playerPositionandRotation":[3841.04150390625,19.99024200439453,-1012.3250122070313,0.0,0.8627979755401611,0.0],"inventoryContent":[],"quickSlotsContent":[]}}