{"cameraMode":{"drawMode":0,"name":"Shaded","section":"Shading Mode"},"sceneLighting":false,"audioPlay":false,"sceneViewState":{"m_AlwaysRefresh":false,"showFog":true,"showSkybox":false,"showFlares":true,"showImageEffects":true,"showParticleSystems":true,"showVisualEffectGraphs":true,"m_FxEnabled":true},"in2DMode":false,"pivot":{"x":-0.025762975215911866,"y":0.11027803272008896,"z":0.08431947231292725},"rotation":{"x":-0.0028125555254518987,"y":-0.9970607161521912,"z":0.0626065731048584,"w":-0.04459312558174133},"size":1.7300654649734498,"orthographic":false}