{"cameraMode":{"drawMode":0,"name":"Shaded","section":"Shading Mode"},"sceneLighting":false,"audioPlay":false,"sceneViewState":{"m_AlwaysRefresh":false,"showFog":true,"showSkybox":false,"showFlares":true,"showImageEffects":true,"showParticleSystems":true,"showVisualEffectGraphs":true,"m_FxEnabled":true},"in2DMode":false,"pivot":{"x":2.31243896484375,"y":0.2491093873977661,"z":5.820999622344971},"rotation":{"x":-0.036287397146224979,"y":-0.0005267171072773635,"z":0.000536744890268892,"w":0.9994766116142273},"size":2.3081648349761965,"orthographic":false}